LGA_CODE_2016,Tot_P_M,Tot_P_F,Tot_P_P,Age_0_4_yr_M,Age_0_4_yr_F,Age_0_4_yr_P,Age_5_14_yr_M,Age_5_14_yr_F,Age_5_14_yr_P,Age_15_19_yr_M,Age_15_19_yr_F,Age_15_19_yr_P,Age_20_24_yr_M,Age_20_24_yr_F,Age_20_24_yr_P,Age_25_34_yr_M,Age_25_34_yr_F,Age_25_34_yr_P,Age_35_44_yr_M,Age_35_44_yr_F,Age_35_44_yr_P,Age_45_54_yr_M,Age_45_54_yr_F,Age_45_54_yr_P,Age_55_64_yr_M,Age_55_64_yr_F,Age_55_64_yr_P,Age_65_74_yr_M,Age_65_74_yr_F,Age_65_74_yr_P,Age_75_84_yr_M,Age_75_84_yr_F,Age_75_84_yr_P,Age_85ov_M,Age_85ov_F,Age_85ov_P,Counted_Census_Night_home_M,Counted_Census_Night_home_F,Counted_Census_Night_home_P,Count_Census_Nt_Ewhere_Aust_M,Count_Census_Nt_Ewhere_Aust_F,Count_Census_Nt_Ewhere_Aust_P,Indigenous_psns_Aboriginal_M,Indigenous_psns_Aboriginal_F,Indigenous_psns_Aboriginal_P,Indig_psns_Torres_Strait_Is_M,Indig_psns_Torres_Strait_Is_F,Indig_psns_Torres_Strait_Is_P,Indig_Bth_Abor_Torres_St_Is_M,Indig_Bth_Abor_Torres_St_Is_F,Indig_Bth_Abor_Torres_St_Is_P,Indigenous_P_Tot_M,Indigenous_P_Tot_F,Indigenous_P_Tot_P,Birthplace_Australia_M,Birthplace_Australia_F,Birthplace_Australia_P,Birthplace_Elsewhere_M,Birthplace_Elsewhere_F,Birthplace_Elsewhere_P,Lang_spoken_home_Eng_only_M,Lang_spoken_home_Eng_only_F,Lang_spoken_home_Eng_only_P,Lang_spoken_home_Oth_Lang_M,Lang_spoken_home_Oth_Lang_F,Lang_spoken_home_Oth_Lang_P,Australian_citizen_M,Australian_citizen_F,Australian_citizen_P,Age_psns_att_educ_inst_0_4_M,Age_psns_att_educ_inst_0_4_F,Age_psns_att_educ_inst_0_4_P,Age_psns_att_educ_inst_5_14_M,Age_psns_att_educ_inst_5_14_F,Age_psns_att_educ_inst_5_14_P,Age_psns_att_edu_inst_15_19_M,Age_psns_att_edu_inst_15_19_F,Age_psns_att_edu_inst_15_19_P,Age_psns_att_edu_inst_20_24_M,Age_psns_att_edu_inst_20_24_F,Age_psns_att_edu_inst_20_24_P,Age_psns_att_edu_inst_25_ov_M,Age_psns_att_edu_inst_25_ov_F,Age_psns_att_edu_inst_25_ov_P,High_yr_schl_comp_Yr_12_eq_M,High_yr_schl_comp_Yr_12_eq_F,High_yr_schl_comp_Yr_12_eq_P,High_yr_schl_comp_Yr_11_eq_M,High_yr_schl_comp_Yr_11_eq_F,High_yr_schl_comp_Yr_11_eq_P,High_yr_schl_comp_Yr_10_eq_M,High_yr_schl_comp_Yr_10_eq_F,High_yr_schl_comp_Yr_10_eq_P,High_yr_schl_comp_Yr_9_eq_M,High_yr_schl_comp_Yr_9_eq_F,High_yr_schl_comp_Yr_9_eq_P,High_yr_schl_comp_Yr_8_belw_M,High_yr_schl_comp_Yr_8_belw_F,High_yr_schl_comp_Yr_8_belw_P,High_yr_schl_comp_D_n_g_sch_M,High_yr_schl_comp_D_n_g_sch_F,High_yr_schl_comp_D_n_g_sch_P,Count_psns_occ_priv_dwgs_M,Count_psns_occ_priv_dwgs_F,Count_psns_occ_priv_dwgs_P,Count_Persons_other_dwgs_M,Count_Persons_other_dwgs_F,Count_Persons_other_dwgs_P
LGA10050,24662,26411,51076,1689,1594,3286,3208,3117,6328,1611,1635,3248,1695,1810,3508,3194,3299,6498,2972,3228,6205,3169,3329,6497,3045,3327,6372,2328,2573,4907,1251,1659,2913,490,841,1329,23024,24811,47832,1639,1597,3244,661,700,1363,19,15,29,12,8,23,687,725,1417,20071,21514,41590,2679,2866,5540,21282,22839,44120,1634,1808,3446,21701,23328,45032,328,335,669,2933,2868,5798,1095,1167,2258,412,640,1046,618,1140,1754,7677,9423,17096,2183,2231,4413,5236,5180,10414,1649,1639,3287,1040,1036,2076,134,154,287,22056,23627,45686,2555,2523,5081
LGA10130,14227,15220,29449,844,825,1669,1833,1833,3667,1254,1302,2560,1369,1422,2793,1700,1761,3464,1465,1635,3100,1772,1889,3657,1713,1840,3552,1344,1400,2747,705,893,1595,220,426,649,13166,14144,27311,1062,1079,2137,1031,1076,2113,19,17,37,16,12,28,1067,1107,2174,11302,12102,23396,1762,1869,3631,12024,12911,24937,1142,1192,2333,12156,13073,25226,230,200,433,1691,1675,3368,922,1015,1936,698,827,1518,651,924,1576,5650,6621,12270,698,731,1431,2579,2585,5166,828,828,1651,614,553,1169,37,40,77,11921,12759,24682,2409,2596,5006
LGA10250,20127,21658,41790,1074,997,2072,2565,2294,4856,1245,1133,2384,780,788,1571,1732,1853,3581,2207,2456,4669,2701,3060,5759,3036,3398,6434,2699,2805,5503,1437,1773,3203,655,1104,1755,18988,20545,39536,1141,1113,2251,628,670,1297,31,19,53,11,11,20,664,708,1374,16436,17552,33984,2162,2446,4609,17944,19268,37214,749,832,1578,17996,19331,37330,270,280,548,2338,2113,4444,900,864,1758,178,252,423,419,881,1302,6826,7684,14511,1205,1213,2414,4690,5276,9963,1324,1526,2851,824,853,1672,43,48,92,18343,19718,38063,1813,2006,3820
LGA10300,1177,1115,2287,80,71,143,172,162,336,74,56,135,81,56,132,99,136,233,147,130,276,156,132,290,194,186,377,119,86,202,59,76,131,12,22,35,1113,1059,2172,57,57,114,98,96,194,0,0,0,3,3,4,108,101,202,965,900,1869,61,82,144,984,915,1902,70,80,154,1017,953,1974,13,16,24,153,143,288,49,36,80,3,8,10,10,29,37,215,299,514,95,108,208,251,190,439,111,75,186,103,79,183,7,6,15,1032,990,2015,277,199,480
LGA10470,20695,20605,41300,1339,1209,2546,2883,2691,5571,1515,1460,2980,1604,1544,3148,2765,2399,5171,2450,2430,4878,2572,2665,5238,2477,2517,4991,1917,1951,3862,882,1137,2019,293,600,892,19480,19541,39021,1217,1066,2283,1131,1011,2146,23,28,45,27,26,55,1185,1064,2244,17332,17206,34538,1833,1733,3565,17597,18308,35906,853,839,1695,17695,18362,36060,319,306,626,2662,2483,5147,1072,1079,2151,503,673,1178,533,921,1457,6296,7729,14024,1155,1042,2202,4664,4391,9053,1253,1223,2475,771,689,1466,45,51,98,17733,18358,36098,2905,2219,5124
LGA10550,16252,17001,33253,757,718,1468,1944,1844,3789,915,879,1792,622,569,1189,1194,1287,2482,1459,1660,3120,2201,2450,4648,2988,3174,6154,2561,2504,5060,1243,1298,2546,373,621,999,14885,15715,30597,1366,1285,2655,488,509,998,9,5,18,8,17,25,507,531,1042,12969,13479,26446,1861,2004,3860,14594,15172,29765,445,560,1003,14540,15221,29762,195,181,379,1729,1634,3354,590,587,1175,100,129,223,189,492,681,4808,5741,10548,1297,1356,2652,3999,3922,7926,1157,1097,2252,815,714,1525,29,24,56,14367,15028,29394,1787,1823,3607
LGA10600,6123,6548,12668,303,304,605,791,801,1594,387,335,719,201,188,396,465,488,953,627,696,1324,825,1002,1824,1081,1161,2240,864,857,1718,443,477,924,135,233,368,5761,6187,11951,361,355,718,201,227,425,7,3,13,0,0,3,211,235,448,4948,5225,10173,697,800,1495,5548,5904,11446,179,223,403,5493,5885,11370,83,88,175,700,721,1419,271,249,523,36,54,90,108,276,383,1853,2365,4217,393,366,760,1503,1492,2991,516,446,961,270,256,528,10,13,25,5553,5991,11540,567,608,1173
LGA10650,4224,4236,8462,249,219,471,495,482,972,223,198,421,185,155,331,373,377,747,399,447,843,447,490,936,645,664,1304,713,662,1370,381,360,739,133,182,313,3889,3924,7817,332,311,649,94,94,187,4,9,8,0,0,3,100,101,198,3424,3441,6866,322,329,651,3685,3690,7377,126,135,260,3683,3730,7414,53,64,121,430,419,851,128,140,268,18,26,41,52,115,164,897,1171,2069,441,483,918,951,858,1809,429,305,736,300,243,539,12,9,25,3628,3621,7247,575,513,1089
LGA10750,167574,169390,336962,13683,13245,26928,25722,24010,49739,12066,11229,23289,11776,11060,22830,25280,26964,52249,25814,25591,51402,20854,21208,42063,16412,17289,33702,10388,11152,21536,4330,5348,9674,1248,2303,3553,162954,165348,328305,4621,4039,8665,4531,4566,9103,121,122,245,92,91,186,4743,4785,9526,91390,90763,182150,67064,69230,136294,90618,90305,180926,67664,70635,138302,135265,136792,272053,2811,2705,5519,23530,22000,45530,9074,8750,17823,4298,4264,8559,4702,7309,12005,70206,73768,143974,7837,7274,15112,26249,25798,52041,7441,7726,15160,5794,6819,12616,1174,1823,3004,158457,160943,319397,8451,7835,16284
LGA10800,2971,2988,5955,167,184,351,435,441,876,167,169,333,143,121,267,297,292,588,341,340,680,358,355,709,452,405,866,331,300,626,204,242,442,76,135,211,2800,2781,5576,170,210,377,121,131,252,3,0,3,3,3,3,128,139,262,2454,2442,4890,138,153,287,2562,2550,5108,58,76,130,2570,2574,5145,34,46,81,381,388,769,102,115,217,13,22,37,25,67,96,555,763,1325,161,150,310,858,733,1596,259,209,469,180,135,319,6,0,7,2585,2563,5149,496,379,877
LGA10850,3613,3647,7257,235,212,451,540,520,1058,231,227,457,156,166,324,331,378,707,396,466,861,521,508,1029,526,488,1014,393,371,759,210,216,426,67,96,165,3387,3463,6852,224,183,408,140,119,259,3,0,3,5,0,5,147,119,266,3078,3128,6206,223,222,451,3299,3351,6650,53,58,115,3272,3337,6615,62,60,127,494,476,965,154,182,334,27,45,77,59,129,190,886,1156,2044,195,193,393,982,905,1885,263,232,497,199,146,341,5,3,8,3261,3339,6597,242,234,481
LGA10900,37119,39782,76904,2167,2067,4232,5056,4782,9837,2453,2313,4769,1876,1754,3631,3393,3592,6985,4621,5059,9687,5215,5767,10982,5547,6209,11758,4392,4891,9280,1846,2261,4107,554,1079,1630,35222,37922,73142,1897,1859,3760,859,895,1754,21,15,33,16,17,36,898,923,1823,29075,30955,60029,6118,6829,12954,33240,35456,68689,2164,2539,4707,33436,35851,69282,574,589,1166,4754,4510,9267,1948,1824,3771,704,762,1467,1092,1978,3074,16049,18355,34409,1957,1992,3950,7416,7774,15192,1720,1882,3601,772,807,1582,72,64,138,34244,36763,71004,2389,2687,5075
LGA10950,1355,1334,2692,91,115,207,182,161,344,80,84,167,80,74,155,165,149,317,149,150,296,213,180,394,145,137,280,132,152,284,94,93,187,22,39,65,1237,1228,2467,118,110,224,205,232,442,0,3,5,0,3,3,210,235,443,1116,1120,2233,66,62,128,1166,1168,2335,35,32,67,1171,1154,2322,19,36,50,155,143,293,47,54,104,9,18,26,13,39,50,281,359,645,89,69,155,354,320,673,118,97,215,83,61,146,4,3,3,1159,1134,2290,246,183,423
LGA11100,23229,23420,46654,1495,1405,2895,2586,2434,5024,1385,1270,2651,1920,1874,3793,4437,4328,8770,3546,3609,7156,2957,2895,5846,2190,2241,4430,1500,1770,3269,953,1101,2052,265,497,765,22433,22742,45172,799,684,1485,358,409,767,11,14,26,14,13,23,381,431,814,11503,11185,22686,10073,10609,20687,11780,11159,22941,9962,10825,20785,17122,17368,34492,322,318,637,2367,2217,4581,1121,1048,2167,937,947,1892,1094,1314,2406,11886,12292,24186,948,798,1745,2856,2667,5515,733,780,1514,836,1067,1904,233,330,556,21591,21941,43533,2012,1809,3813
LGA11150,1301,1329,2634,109,109,222,202,195,395,52,68,121,81,81,159,181,192,369,132,161,294,201,199,401,179,132,309,111,96,209,48,58,110,11,27,40,1188,1221,2413,108,109,220,377,443,812,7,7,9,0,3,4,384,451,829,975,995,1969,37,61,101,1005,1045,2048,25,37,64,1020,1043,2062,17,28,48,154,141,299,27,42,66,4,12,11,19,35,56,251,322,573,72,81,151,256,219,467,90,107,204,76,54,134,10,0,16,1025,1081,2101,531,413,945
LGA11200,849,802,1651,69,53,124,131,125,255,41,51,95,62,55,123,118,111,231,81,81,155,145,131,270,113,106,216,56,51,110,26,23,45,10,15,21,787,736,1519,65,60,126,498,492,993,0,0,0,5,14,16,503,505,1011,743,704,1448,21,15,35,715,698,1415,26,40,60,738,725,1462,19,10,26,110,111,217,18,37,49,3,6,6,13,26,36,133,176,312,35,58,96,190,179,365,89,76,165,82,57,141,9,4,7,725,723,1442,159,89,241
LGA11250,8615,9091,17708,496,478,974,985,981,1972,510,437,949,479,486,962,1020,1097,2114,906,948,1861,1190,1167,2356,1320,1344,2663,1011,1038,2049,504,716,1219,194,398,593,7896,8445,16337,724,648,1370,732,745,1472,4,10,15,9,8,13,741,764,1500,7470,7897,15364,389,412,800,7659,8047,15703,215,234,443,7749,8240,15992,129,120,250,889,881,1761,300,290,594,68,83,154,156,365,525,1691,1978,3674,602,528,1133,2372,2512,4885,822,935,1759,699,649,1353,27,18,38,7637,8138,15769,1087,1066,2152
LGA11300,17785,19028,36809,850,818,1670,1565,1567,3129,1014,1140,2156,2200,2200,4403,3909,3948,7860,2159,2229,4385,2076,2267,4337,1705,1913,3615,1153,1326,2484,776,1019,1798,378,601,976,17261,18445,35710,525,585,1103,67,74,144,0,0,0,0,0,0,69,74,146,6804,6959,13758,10013,11056,21067,5855,5704,11563,11041,12382,23421,11371,12305,23674,174,169,341,1460,1464,2921,860,1042,1900,1454,1448,2904,1198,1464,2655,10977,11539,22516,554,560,1110,1450,1585,3034,462,510,970,627,962,1584,276,383,656,16421,17636,34055,1328,1367,2700
LGA11350,15197,16361,31556,772,775,1553,1877,1858,3739,834,775,1607,587,606,1194,1600,1789,3390,2005,2381,4381,2269,2614,4879,2697,2785,5482,1751,1615,3371,562,703,1270,237,450,687,14196,15391,29582,1003,968,1977,231,256,489,22,19,37,16,25,42,269,297,574,10379,11178,21560,2681,2955,5637,12316,13235,25554,970,1165,2132,12276,13309,25584,205,187,395,1607,1587,3191,569,549,1114,120,150,267,396,790,1186,6112,7203,13315,944,924,1863,2650,2720,5374,604,597,1196,330,340,670,36,17,58,12922,14120,27040,2853,2937,5788
LGA11400,6692,6699,13386,427,402,831,1045,1012,2054,461,447,907,273,240,513,578,617,1193,753,809,1555,938,957,1887,921,868,1782,789,771,1559,394,401,792,113,188,306,6273,6333,12612,417,360,780,242,224,469,12,3,16,5,8,18,256,239,496,5785,5734,11515,381,417,796,6104,6098,12207,113,158,273,6118,6114,12233,97,113,213,935,907,1845,313,325,633,33,70,108,97,232,330,1725,2184,3912,338,384,715,1759,1522,3285,502,426,929,383,276,652,16,12,31,6045,6092,12135,453,466,920
LGA11450,38336,39884,78218,3336,3221,6552,6205,5939,12151,2721,2634,5357,2419,2425,4846,5689,6209,11903,5836,6121,11954,4825,5015,9839,3529,3852,7377,2413,2571,4977,1034,1258,2292,327,652,980,37007,38760,75768,1329,1124,2453,961,940,1894,9,14,20,10,13,18,973,959,1933,29707,30830,60543,6720,7046,13768,31229,32244,63466,5395,5877,11268,34383,35734,70123,786,775,1560,5818,5569,11387,2033,2037,4065,680,797,1477,683,1400,2077,12888,15206,28094,2181,1938,4117,8819,8239,17051,2056,2119,4182,1004,1048,2052,111,152,267,36220,37829,74049,1675,1755,3424
LGA11500,77002,79999,157006,5974,5627,11605,11421,10833,22257,5481,5172,10656,5742,5705,11451,11120,12187,23307,10365,10735,21097,9376,10185,19566,8925,9630,18553,5860,6214,12079,2163,2609,4780,572,1096,1666,74405,77595,151999,2604,2401,5002,2660,3079,5739,67,63,136,53,53,101,2779,3197,5971,48150,49161,97314,23933,25393,49325,49505,50658,100164,23101,24614,47716,64567,66444,131014,1230,1175,2404,10347,9764,20109,3793,3786,7571,1740,1846,3588,1921,3165,5089,28004,30383,58394,4134,4024,8161,15516,15779,31299,4409,4701,9109,2608,2943,5551,448,712,1159,72742,75335,148076,4165,4474,8634
LGA11520,42348,45666,88015,2822,2642,5463,4468,4358,8822,2045,1963,4009,3062,3220,6281,8230,8453,16685,6471,6873,13340,5201,6029,11236,4313,4953,9267,3213,3651,6867,1782,2242,4023,738,1279,2020,40700,44112,84810,1651,1555,3206,196,199,387,12,12,23,0,3,5,206,209,414,22856,24013,46864,16872,18802,35675,23080,23959,47038,16830,19129,35967,31939,34340,66281,607,549,1153,4175,4051,8223,1701,1717,3419,1651,1844,3497,1898,2391,4288,24300,26069,50366,1425,1319,2748,4142,4946,9090,1114,1371,2481,1301,1741,3047,341,472,817,39271,42319,81586,2613,3025,5645
LGA11570,172327,173977,346302,12810,12163,24976,23866,22197,46061,11189,10678,21865,12519,11979,24494,26579,26481,53063,23279,23574,46854,21448,22350,43804,18174,18772,36941,12295,12599,24897,7239,8624,15862,2921,4568,7487,167424,169379,336805,4897,4601,9499,1099,1286,2383,44,70,111,21,29,51,1167,1380,2552,86004,85649,171649,75400,77299,152698,59442,58494,117941,102656,105668,208328,136325,139096,275424,2667,2430,5093,21429,20099,41531,8849,8803,17650,5637,5214,10851,6349,8343,14695,75950,77302,153256,7019,6341,13366,23087,22735,45825,6743,7247,13987,8962,10636,19596,3342,4725,8070,161837,163433,325271,10006,9960,19965
LGA11600,1421,1303,2719,90,97,186,183,167,351,72,85,156,82,72,155,190,172,362,165,166,328,216,183,397,206,174,382,113,91,204,75,62,135,26,38,60,1304,1197,2500,113,105,221,108,97,204,0,4,10,0,3,3,109,109,217,1144,1033,2180,134,131,263,1216,1118,2332,85,81,161,1213,1106,2319,21,23,48,160,150,312,39,54,93,3,13,18,9,33,44,324,414,735,90,81,167,377,262,638,112,93,200,105,59,167,8,3,13,1260,1133,2387,192,154,347
LGA11650,158768,168972,327736,9887,9299,19181,21280,19967,41245,10117,9808,19930,9267,8908,18174,17244,18037,35278,19032,20343,39376,21054,22575,43630,20057,22308,42364,17251,19339,36591,9718,11976,21691,3866,6407,10278,150710,161500,312210,8052,7474,15526,5957,6030,11987,147,152,300,88,109,200,6188,6300,12485,125665,132713,258376,22946,25110,48054,140949,148827,289774,8810,10407,19219,141554,150449,292003,2658,2518,5184,19640,18468,38111,7140,7156,14300,2587,2896,5477,3229,6538,9766,50879,56725,107606,9614,9137,18744,39168,42386,81551,11066,12641,23708,5782,6243,12032,440,373,808,147250,156757,304009,9276,10279,19558
LGA11700,973,859,1833,75,58,136,97,119,211,58,61,123,53,57,108,126,127,249,110,88,201,134,112,249,147,121,268,125,72,197,38,34,73,5,19,23,879,784,1664,89,78,169,352,366,714,0,0,3,7,0,8,356,364,724,770,688,1457,49,35,81,774,710,1479,31,23,50,798,725,1519,13,7,22,75,84,163,21,28,52,0,12,8,7,10,21,164,174,332,56,56,114,187,195,376,99,78,174,101,58,156,8,0,7,796,718,1512,299,210,509
LGA11720,27633,27928,55560,1912,1884,3792,3902,3681,7587,1750,1701,3454,1758,1680,3443,3520,3631,7149,3507,3362,6867,3490,3493,6988,3542,3634,7177,2748,2770,5519,1160,1379,2538,343,706,1052,26173,26589,52756,1466,1343,2803,2052,1775,3824,56,40,91,48,47,89,2152,1861,4007,23761,23832,47595,1710,1787,3492,24446,25398,49842,488,568,1055,24309,25209,49518,423,452,876,3477,3308,6782,1085,1094,2183,240,345,582,356,846,1205,5387,6752,12134,1727,1639,3367,7958,7506,15465,2421,2739,5164,1383,1382,2770,66,53,114,24593,25500,50094,2924,2375,5294
LGA11730,25140,25530,50671,1310,1160,2470,3068,2772,5837,1538,1424,2961,1081,966,2047,2053,2094,4148,2470,2676,5145,3234,3473,6710,4101,4247,8345,3748,3648,7399,1923,2061,3989,609,1014,1618,23595,24107,47705,1548,1417,2963,1548,1538,3083,28,42,70,28,34,63,1605,1610,3216,21108,21326,42432,1796,2027,3819,22600,23150,45752,481,603,1084,22492,23080,45574,316,295,611,2749,2504,5252,978,983,1961,164,223,381,356,832,1194,5952,6817,12770,1385,1540,2928,7089,7426,14515,2289,2194,4488,1561,1307,2870,75,56,132,22562,23161,45725,3278,2980,6257
LGA11750,2394,2255,4647,184,187,369,344,315,662,132,117,252,126,127,257,349,363,708,318,271,588,307,275,586,342,258,591,183,167,350,80,128,212,27,47,78,2206,2104,4312,189,155,339,313,315,628,4,0,4,0,0,0,323,315,638,1923,1793,3716,143,180,326,2014,1894,3908,83,105,189,2011,1904,3911,24,32,56,291,277,573,70,77,147,12,20,31,30,86,110,451,614,1068,157,152,311,636,482,1122,174,147,327,152,93,241,6,8,13,2044,1952,3995,540,351,892
LGA11800,35319,37629,72944,2058,1998,4055,4709,4584,9301,2224,2109,4331,1888,1806,3688,3701,3953,7649,3895,4326,8219,4461,5167,9633,5220,5473,10689,4187,4328,8512,2188,2601,4793,786,1284,2070,33076,35666,68742,2241,1964,4202,1687,1813,3500,33,33,67,30,43,78,1753,1894,3643,27846,29310,57154,4764,5382,10145,30227,32028,62254,2561,2898,5461,30688,32746,63436,543,506,1050,4295,4168,8464,1485,1484,2968,400,564,968,739,1617,2350,10723,12364,23088,2234,2259,4494,8464,9121,17580,2572,2604,5177,1610,1463,3073,159,188,349,32084,34346,66425,3983,4175,8156
LGA12000,2160,2156,4315,128,115,242,353,290,641,134,123,259,93,111,200,173,182,354,231,230,457,284,306,594,289,265,554,272,276,550,163,187,344,47,76,120,2024,2034,4056,134,125,261,64,72,137,0,0,0,0,0,0,64,72,137,1815,1829,3645,88,80,164,1911,1909,3817,31,25,50,1923,1909,3829,28,33,63,303,264,563,95,87,184,12,24,35,27,69,93,408,593,1000,119,108,231,595,523,1117,202,186,390,134,83,216,3,4,7,1886,1886,3774,205,208,413
LGA12150,1947,1970,3918,137,132,270,256,270,524,109,95,201,91,120,215,217,224,440,169,212,378,296,272,568,281,261,546,237,202,439,116,126,239,35,70,105,1821,1848,3668,134,120,252,546,618,1162,0,4,4,9,9,18,554,627,1180,1582,1572,3160,42,66,104,1619,1647,3266,24,26,51,1632,1647,3287,31,28,58,214,217,426,56,40,98,10,22,29,14,56,67,342,516,866,109,121,235,432,386,825,168,130,295,173,104,274,15,11,28,1615,1610,3227,346,363,713
LGA12350,6157,6308,12460,330,324,661,749,757,1505,378,359,739,335,325,655,531,535,1071,610,653,1261,805,852,1663,907,899,1812,855,824,1673,486,505,996,163,273,433,5776,5977,11757,372,330,707,484,468,945,11,3,16,7,8,23,498,482,984,5212,5326,10532,362,389,754,5499,5590,11090,151,173,323,5573,5676,11246,88,82,174,658,663,1322,221,238,464,40,57,97,75,186,265,1294,1634,2929,306,380,683,1792,1720,3510,608,550,1160,492,352,842,24,15,39,5537,5643,11184,585,623,1206
LGA12380,111080,105000,216079,8630,8251,16880,14074,13413,27486,6509,6016,12528,9435,7718,17158,22430,19723,42160,16237,14218,30455,12363,12349,24715,10178,10401,20582,6668,6734,13403,3377,4054,7431,1169,2111,3282,107914,102317,210230,3167,2680,5847,654,655,1311,23,30,53,16,12,26,697,701,1394,45144,44903,90056,59238,53646,112879,31839,30561,62405,73163,68644,141807,77971,78388,156354,1586,1518,3101,12689,12029,24720,4984,4910,9895,4117,3488,7602,5021,5730,10753,50758,48008,98764,4375,3632,8007,13473,12605,26075,4188,3840,8031,5853,5773,11626,3215,3299,6512,105092,98947,204036,5436,5577,11012
LGA12700,4497,4479,8975,247,232,483,625,558,1178,272,286,557,200,177,373,391,424,815,471,529,1000,653,670,1320,716,734,1447,564,491,1058,294,268,559,69,112,179,4228,4281,8506,270,202,470,212,213,423,11,11,15,9,6,14,231,224,454,3910,3862,7772,213,227,434,4143,4140,8282,42,38,76,4108,4111,8219,71,75,143,563,514,1076,195,197,388,39,53,91,46,137,184,989,1336,2325,257,243,506,1402,1238,2642,377,322,702,235,184,417,9,7,13,4062,4121,8185,332,318,654
LGA12730,4353,4492,8851,263,233,494,543,544,1086,253,246,507,256,221,477,426,440,865,465,513,977,535,582,1119,704,656,1362,501,505,1010,304,368,671,111,181,295,4061,4182,8242,295,312,613,159,180,339,5,8,11,0,6,6,163,193,357,3574,3684,7262,284,280,568,3783,3933,7715,147,143,288,3773,3934,7704,60,43,100,476,490,965,156,176,328,33,44,73,49,111,164,1009,1339,2347,412,360,775,983,907,1893,372,351,724,276,217,491,28,18,41,3799,3869,7665,555,544,1101
LGA12750,18270,18955,37232,744,729,1474,1998,1842,3838,908,889,1799,658,620,1278,1302,1310,2615,1617,1792,3405,2256,2409,4667,3223,3556,6778,3347,3265,6609,1671,1706,3382,549,841,1388,16791,17637,34427,1483,1321,2802,963,1058,2014,15,13,28,22,13,37,1002,1080,2081,14186,14696,28881,2412,2565,4969,16200,16849,33050,662,734,1400,16243,16947,33188,193,168,367,1772,1644,3423,585,608,1190,100,118,222,236,540,778,5464,6116,11587,1100,1208,2309,4742,4847,9593,1496,1505,3000,960,846,1810,45,36,77,16110,16821,32936,1935,1953,3892
LGA12850,97959,100855,198817,6201,5887,12090,13332,12514,25843,7281,6894,14169,7920,7410,15335,13246,13841,27090,11683,13089,24772,13349,13787,27133,12079,12859,24942,7530,7728,15253,3945,4660,8601,1399,2192,3585,95008,98175,193179,2950,2684,5635,684,702,1384,44,36,79,8,10,15,734,748,1483,41516,39261,80775,50971,56183,107149,25698,23650,49353,67842,72872,140719,79649,81557,161209,1125,1090,2220,11892,11197,23086,5688,5745,11440,3175,3336,6514,2993,4601,7593,38475,39148,77619,4651,4098,8744,13799,12876,26677,4865,5039,9903,7238,9339,16582,4071,6435,10505,93407,96085,189496,4148,4483,8635
LGA12870,6102,6174,12277,317,308,632,723,742,1462,353,323,672,267,254,518,481,506,985,592,609,1198,764,780,1542,926,959,1883,968,910,1875,525,569,1093,185,226,411,5639,5744,11381,463,434,898,95,104,198,5,4,10,3,3,6,101,114,214,5088,5124,10208,409,439,845,5497,5543,11039,120,125,242,5443,5523,10967,85,62,152,649,675,1317,218,222,440,39,63,106,63,171,226,1299,1746,3044,680,688,1366,1516,1274,2792,537,442,980,403,336,735,19,12,26,5410,5486,10897,625,608,1230
LGA12900,4806,4784,9587,301,325,628,682,641,1319,322,304,631,282,199,481,471,531,1001,494,483,984,612,622,1236,630,592,1221,593,534,1122,328,378,710,96,166,254,4514,4492,9009,298,284,580,489,531,1021,5,11,18,11,8,26,508,555,1062,4132,4088,8216,181,202,386,4280,4258,8538,92,107,201,4318,4299,8618,73,99,175,617,575,1184,199,214,416,42,54,97,39,133,175,1078,1364,2443,288,300,583,1214,1150,2366,415,341,762,342,198,546,17,7,24,4222,4181,8402,647,576,1227
LGA12930,71755,75086,146841,4438,4120,8556,8237,7821,16060,4552,4351,8900,5915,5279,11199,12129,12298,24425,9213,10032,19243,9262,9998,19255,7888,8787,16677,5557,6025,11582,3261,3922,7179,1311,2456,3763,69701,73130,142836,2050,1954,4007,329,418,747,13,19,35,12,4,21,354,444,800,36428,36617,73047,31931,34984,66916,31034,31125,62154,37739,40887,78626,54461,56720,111183,1006,935,1941,7662,7345,15006,3860,3816,7672,3286,2951,6231,3143,3980,7122,39173,40458,79629,2848,2554,5398,8181,9282,17460,2393,2952,5344,2350,3150,5494,731,1079,1810,68206,71090,139295,3291,3854,7147
LGA12950,2089,2142,4236,133,116,250,264,273,541,117,109,233,106,110,216,193,215,410,210,220,428,282,269,552,299,305,607,246,263,511,167,183,354,60,75,134,1924,2001,3927,166,142,311,287,298,582,6,3,4,5,5,9,290,303,597,1805,1871,3679,67,88,158,1880,1933,3813,46,40,88,1896,1956,3850,45,39,83,230,239,471,73,70,138,12,19,31,17,46,65,393,548,943,106,128,233,579,552,1130,213,198,409,192,132,327,3,9,9,1842,1911,3749,213,210,416
LGA13010,4380,4453,8836,214,240,455,537,520,1059,248,228,472,190,196,386,435,373,809,474,460,929,516,557,1072,705,668,1368,637,660,1297,336,374,706,92,187,279,4071,4152,8223,310,302,615,279,222,502,3,3,7,8,16,21,290,245,534,3615,3601,7219,278,310,581,3722,3918,7633,84,102,189,3730,3901,7637,39,48,89,467,449,913,144,157,304,27,38,65,44,123,171,929,1188,2114,209,233,436,1141,1172,2314,404,328,734,334,289,621,10,14,27,3688,3904,7596,640,487,1129
LGA13310,14982,14631,29609,893,851,1742,1920,1711,3632,917,828,1741,938,729,1669,1815,1751,3567,1814,1705,3518,2048,1992,4040,1945,2006,3954,1629,1618,3250,816,946,1760,254,484,738,14136,13877,28012,848,747,1596,586,544,1132,16,11,32,15,9,26,623,567,1185,12362,12103,24472,1549,1398,2945,12764,12978,25746,696,709,1398,12848,13115,25967,199,223,421,1748,1548,3303,597,545,1146,175,187,355,276,555,832,3969,4545,8512,787,800,1596,3746,3668,7412,1107,1073,2177,743,621,1364,76,50,129,13028,13288,26315,2140,1266,3410
LGA13340,5187,5170,10351,320,309,627,820,790,1610,350,327,677,227,166,399,416,479,887,516,571,1084,689,736,1429,795,785,1573,667,576,1241,289,271,558,110,154,259,4845,4879,9722,342,290,633,169,152,319,4,5,6,5,3,9,174,162,339,4482,4436,8918,304,305,614,4769,4729,9495,101,108,204,4753,4706,9463,95,87,181,754,722,1480,255,248,503,42,53,94,63,151,209,1182,1550,2731,401,419,815,1336,1144,2475,470,343,809,296,203,502,12,8,17,4730,4677,9409,356,441,792
LGA13450,12795,12847,25641,914,873,1793,1798,1771,3573,877,751,1624,794,736,1537,1755,1762,3518,1560,1533,3097,1655,1671,3323,1551,1486,3035,974,1076,2050,660,758,1418,244,424,669,12103,12180,24284,691,660,1355,591,602,1194,17,9,23,10,3,10,616,613,1226,9004,9124,18126,2457,2361,4819,8883,8980,17858,2700,2651,5351,10345,10497,20839,212,186,395,1575,1533,3109,534,476,1006,96,125,229,245,375,617,3198,3722,6924,732,696,1428,3119,2820,5944,811,771,1577,846,772,1617,146,150,292,11297,11371,22664,1476,1309,2788
LGA13510,5514,5624,11141,312,269,583,769,671,1436,320,294,607,245,238,482,463,505,972,554,612,1174,691,681,1377,826,815,1636,743,774,1514,454,512,969,137,258,391,5116,5265,10384,398,359,760,247,242,493,10,8,15,3,3,5,255,255,513,4720,4818,9536,292,326,615,5009,5145,10152,108,116,218,5022,5158,10178,85,70,159,681,611,1293,193,197,393,29,63,91,49,141,190,1245,1591,2836,300,324,626,1579,1481,3058,479,474,951,366,325,691,12,17,29,4908,5037,9950,511,466,977
LGA13550,6105,6107,12215,487,435,918,823,791,1609,364,332,702,331,327,664,748,774,1520,703,682,1376,761,771,1532,820,750,1573,596,604,1192,366,440,801,107,211,318,5745,5811,11556,354,298,651,761,761,1520,14,10,25,8,9,22,783,779,1568,5274,5232,10502,260,326,583,5501,5496,11000,124,147,271,5483,5494,10973,118,135,259,740,689,1424,212,200,413,41,67,102,63,219,287,1353,1739,3092,325,351,677,1651,1525,3178,497,431,922,401,275,679,24,19,42,5547,5549,11098,607,533,1143
LGA13660,2657,2592,5258,168,164,330,347,295,642,129,121,248,117,113,229,215,223,440,253,271,520,364,370,737,396,348,739,389,377,773,225,211,441,53,107,155,2471,2403,4879,188,189,378,145,130,281,8,6,16,0,8,6,157,142,300,2249,2181,4433,85,128,212,2352,2327,4685,35,28,58,2357,2303,4661,41,46,86,302,264,560,75,79,159,9,26,31,16,49,64,550,731,1285,124,142,271,674,623,1296,227,197,420,234,158,396,7,3,9,2343,2268,4605,357,305,663
LGA13800,31952,32635,64592,2113,1990,4101,4510,4253,8769,2356,2225,4580,2216,2173,4387,3969,4061,8030,3960,4159,8115,4647,4904,9554,3895,3938,7833,2714,2857,5571,1206,1430,2640,373,639,1010,30673,31491,62162,1278,1148,2425,1176,1163,2336,19,16,34,7,10,20,1207,1185,2393,26104,26435,52539,3801,4139,7938,28235,28772,57007,1846,2008,3857,28683,29263,57950,571,505,1080,4170,3946,8118,1585,1643,3230,521,688,1208,571,1142,1717,9085,11340,20424,1897,1813,3716,8886,8091,16979,2251,2062,4310,1214,1038,2253,105,77,181,29565,30285,59845,2243,2100,4345
LGA13850,1480,1461,2946,76,64,143,184,191,378,90,84,173,83,68,150,153,140,297,127,153,277,234,227,461,218,199,424,176,182,358,118,117,233,27,32,60,1334,1347,2673,151,115,266,91,83,173,0,0,0,3,0,3,95,83,178,1190,1164,2350,90,104,188,1244,1236,2483,56,55,112,1263,1243,2508,16,18,33,158,165,321,57,59,113,10,8,18,11,28,36,323,442,770,123,96,222,331,291,625,127,100,234,121,90,213,7,0,8,1222,1234,2459,298,232,530
LGA13910,9088,9402,18498,565,533,1102,1293,1211,2511,565,580,1148,426,470,899,794,891,1683,1005,1010,2018,1166,1276,2439,1288,1245,2535,1212,1180,2396,591,667,1254,178,337,516,8486,8852,17341,605,551,1155,411,384,792,9,12,20,7,0,10,424,391,819,7829,7989,15814,513,632,1145,8150,8473,16623,321,313,632,8316,8502,16815,125,140,259,1164,1102,2259,377,391,765,76,105,180,86,297,376,2024,2682,4706,506,631,1134,2496,2253,4749,785,743,1527,591,484,1078,44,34,83,8256,8497,16755,730,769,1496
LGA14000,69634,73027,142667,4383,3898,8284,10024,9564,19590,4942,4732,9677,4315,4056,8372,7208,7490,14697,9894,10803,20695,10117,10963,21080,8336,8861,17202,5807,6353,12158,3217,3857,7073,1389,2453,3841,67234,70934,138168,2405,2093,4498,296,342,631,14,5,18,4,3,7,314,349,664,42004,42947,84949,25213,27581,52795,46258,46905,93165,20952,23425,44377,58787,60925,119713,1190,1104,2290,9573,9189,18763,4332,4246,8576,2262,2213,4478,2064,3151,5210,38406,40431,78835,2846,2779,5625,7860,9034,16898,2091,2372,4471,1069,1310,2379,286,372,659,66034,68997,135035,2631,3542,6179
LGA14100,6987,7016,13999,388,326,718,1040,893,1937,809,355,1162,360,322,686,545,585,1134,788,910,1699,955,1048,2004,780,863,1640,691,731,1425,380,474,856,249,502,746,6683,6743,13426,304,273,573,52,23,74,0,0,3,3,0,3,59,20,81,4841,4663,9508,1742,1939,3684,5370,5160,10532,1236,1485,2723,6164,6155,12320,123,102,225,989,844,1829,744,322,1065,212,201,412,164,256,423,3717,3876,7588,355,229,584,637,762,1398,272,216,485,137,154,292,18,33,50,5869,6237,12114,984,705,1687
LGA14170,88736,93302,182043,5419,5326,10743,8896,8272,17165,3484,3297,6783,6107,6624,12739,17881,19018,36902,15531,16231,31754,12466,12775,25239,8879,9636,18512,5819,6377,12191,3087,3755,6838,1168,2004,3170,85115,89554,174671,3624,3744,7366,877,1030,1910,35,33,63,30,34,60,935,1094,2034,51417,54304,105719,30283,32118,62406,57710,59576,117284,24401,27312,51719,69124,73636,142764,1189,1197,2388,8164,7657,15819,2853,2735,5585,2967,3283,6249,4679,6542,11218,51325,56003,107333,3016,2699,5720,7750,7384,15133,1958,2004,3959,2766,3514,6280,787,1225,2004,79169,84283,163454,8439,7856,16294
LGA14200,8061,8423,16483,535,547,1082,1130,1118,2242,574,467,1042,444,455,898,838,876,1710,824,924,1754,995,1066,2064,1077,1120,2192,961,959,1921,552,614,1165,139,269,408,7514,7913,15429,549,508,1058,661,694,1359,8,8,14,15,15,36,691,721,1408,6823,7052,13875,489,557,1044,7177,7479,14655,241,278,517,7203,7501,14697,138,116,261,1006,983,1991,354,308,668,59,95,155,100,250,349,1813,2312,4125,415,471,883,2106,2103,4216,701,660,1366,582,420,1001,24,19,41,7234,7544,14774,758,794,1553
LGA14300,3574,2720,6295,162,178,340,409,368,780,179,155,332,259,138,400,562,308,870,554,300,851,474,367,840,473,390,862,310,314,624,139,144,279,40,68,115,3371,2584,5961,202,136,333,329,144,470,7,0,7,9,3,14,346,144,489,2944,2247,5191,296,170,469,2359,2398,4759,116,77,194,2357,2386,4739,39,46,78,352,321,676,87,97,181,19,34,53,36,97,134,590,751,1342,166,155,320,758,655,1419,223,209,426,137,126,266,4,11,14,2383,2420,4798,1083,261,1343
LGA14350,14447,14439,28885,769,771,1538,1738,1688,3429,864,790,1653,716,620,1336,1377,1307,2675,1422,1467,2892,1833,1889,3719,2326,2395,4723,2096,1954,4042,991,1008,1997,324,542,867,13625,13701,27327,829,737,1558,1608,1631,3234,17,10,24,46,42,87,1667,1682,3353,12046,11891,23939,998,1056,2052,12489,12766,25255,283,366,651,12467,12764,25227,218,190,409,1543,1454,3002,536,521,1053,72,112,182,152,422,573,2937,3449,6386,832,767,1602,3815,3968,7785,1396,1347,2747,969,871,1840,48,30,79,12515,12888,25405,2081,1712,3792
LGA14400,10528,10936,21464,566,540,1109,1308,1191,2502,658,603,1254,589,471,1058,921,932,1853,1131,1219,2350,1361,1465,2828,1685,1784,3466,1379,1468,2846,684,811,1498,249,456,704,9788,10303,20083,742,634,1377,192,186,374,9,6,13,4,0,9,202,195,393,8409,8631,17036,1410,1552,2962,9455,9753,19210,435,496,925,9436,9750,19183,174,153,327,1209,1107,2322,512,479,993,212,181,396,200,399,597,4165,4444,8612,584,556,1139,2316,2515,4829,575,624,1200,315,300,613,24,15,37,9519,9909,19435,748,819,1569
LGA14500,56657,61394,118053,3095,2938,6027,9202,8634,17836,4762,4527,9293,3304,3330,6638,4578,5087,9662,6899,8182,15085,8698,9814,18515,6548,6995,13543,4938,5581,10518,3143,3765,6907,1492,2538,4036,54580,59397,113971,2085,2001,4080,95,94,192,13,5,17,0,6,8,112,103,211,33010,34665,67679,21599,24365,45965,39729,41346,81070,14957,17796,32752,47588,50817,98407,981,911,1895,8814,8302,17113,4271,4137,8408,2068,2080,4147,1552,2440,3997,34783,37172,71951,1950,2391,4344,3439,5039,8476,1390,1604,2999,615,765,1384,132,202,333,53587,57723,111307,2284,3189,5471
LGA14550,4529,4411,8940,197,196,388,545,529,1071,253,247,502,186,141,329,295,339,633,428,431,855,669,690,1358,930,817,1747,650,572,1217,292,301,594,84,151,239,4274,4196,8473,259,207,467,183,183,362,0,4,5,4,3,6,187,192,380,3598,3546,7144,424,424,850,3979,3896,7878,106,130,240,3962,3892,7853,49,55,101,478,471,951,154,184,339,29,39,73,66,139,208,1033,1212,2247,286,289,571,1311,1183,2494,383,309,692,310,241,555,10,9,24,4024,3966,7996,476,430,904
LGA14600,3100,3099,6194,258,231,497,440,418,859,148,172,322,179,173,346,341,390,738,325,325,654,340,363,708,436,376,814,334,313,651,232,219,447,66,110,172,2897,2930,5826,199,171,375,498,588,1080,4,3,9,3,7,4,503,594,1098,2578,2577,5163,105,129,236,2663,2702,5366,63,71,134,2674,2694,5368,55,64,123,364,359,725,75,104,179,20,25,41,23,66,94,640,868,1508,137,180,321,786,662,1442,241,224,464,213,159,373,24,12,32,2667,2667,5335,424,368,792
LGA14650,96294,101077,197371,6122,5724,11845,12446,11820,24267,6350,5864,12210,5610,5288,10893,10645,11094,21737,11380,12245,23628,12709,13378,26085,12605,13502,26105,10626,11657,22286,5692,6942,12635,2111,3568,5681,90773,96363,187136,5523,4713,10232,3852,3874,7721,81,72,157,79,73,151,4008,4019,8032,82400,85855,168252,9370,10325,19694,88140,91960,180098,4041,4710,8752,88859,93157,182021,1565,1523,3093,11718,11155,22868,4594,4407,8998,1658,1824,3482,1951,3668,5623,28991,32848,61835,5970,5245,11214,25882,26715,52598,7671,8779,16445,3800,3925,7723,236,213,446,90151,94744,184894,3970,4667,8635
LGA14700,17733,18313,36051,1231,1199,2425,2210,2038,4247,1167,756,1925,994,1020,2015,3090,3182,6278,2854,3021,5876,2249,2422,4673,1739,1941,3682,1303,1403,2708,631,822,1453,265,512,777,17057,17707,34766,675,604,1278,66,45,113,0,0,0,3,3,3,71,49,118,10608,10659,21270,6245,6815,13067,12498,12403,24896,4401,5118,9516,14308,14604,28909,327,290,617,2104,1935,4035,1074,686,1758,566,528,1094,709,1047,1755,11076,11698,22777,658,521,1177,1105,1391,2492,361,364,723,216,202,415,46,57,103,16283,17174,33460,1381,1197,2581
LGA14750,5530,5633,11168,338,363,702,805,788,1595,464,491,953,300,287,584,594,595,1197,607,619,1224,757,725,1481,711,692,1409,528,541,1074,337,368,708,84,157,239,5217,5393,10609,316,237,554,307,309,617,5,3,12,3,3,4,316,317,636,4494,4597,9091,467,434,903,4615,4753,9366,435,381,818,4797,4890,9688,71,86,155,734,689,1420,304,378,687,33,51,83,65,142,215,1090,1365,2453,320,372,694,1571,1458,3037,450,438,888,392,271,667,25,17,41,4774,4815,9585,775,792,1566
LGA14850,20975,22160,43135,1142,1112,2256,2824,2626,5453,1397,1389,2785,1227,1219,2444,2103,2296,4395,2377,2750,5124,2946,3180,6124,3330,3365,6691,2219,2216,4429,1013,1262,2270,398,750,1148,19847,21067,40917,1126,1096,2218,1040,1017,2051,29,28,54,24,33,58,1093,1079,2166,17201,18158,35360,1957,2091,4048,18405,19353,37762,911,1078,1989,18621,19717,38335,275,290,563,2553,2397,4951,954,1007,1962,334,451,778,648,1144,1793,6653,7613,14267,1192,1329,2518,4984,5384,10370,1445,1308,2752,945,905,1850,54,49,107,18931,20005,38934,2119,2164,4287
LGA14870,10689,10401,21090,597,581,1178,1241,1176,2413,626,569,1193,607,489,1100,1193,1066,2256,1168,1178,2345,1449,1418,2865,1547,1547,3091,1426,1322,2751,650,734,1382,190,328,516,10048,9842,19891,648,558,1205,610,556,1158,18,13,35,13,6,17,640,573,1208,8525,8255,16782,1019,945,1966,8929,8976,17905,342,388,727,8966,9050,18018,130,133,264,1075,1007,2083,407,378,782,84,124,215,172,359,530,2185,2755,4940,594,595,1184,3130,2801,5933,835,870,1702,585,514,1104,32,17,49,9006,9144,18148,1513,1046,2554
LGA14900,101351,102975,204326,8052,7560,15611,15657,15031,30691,7740,7143,14886,7331,7221,14554,14376,15389,29760,14481,15207,29691,13598,13534,27132,10216,10464,20680,6177,6431,12609,2895,3532,6433,827,1459,2283,98493,100494,198984,2860,2488,5342,1425,1483,2907,36,34,72,14,18,27,1474,1540,3012,53161,52385,105550,40473,42871,83346,42886,41627,84511,51535,54554,106090,83620,84748,168369,1572,1469,3035,14033,13417,27447,5856,5712,11564,2548,2900,5449,2517,4213,6728,39725,42643,82371,4962,4312,9275,15715,14367,30077,4350,4484,8829,4454,5372,9827,1669,2466,4141,94136,96150,190283,7371,6883,14256
LGA14920,3870,3815,7687,256,199,456,512,478,986,210,212,424,173,157,335,376,401,773,404,413,820,493,507,1005,603,584,1188,494,481,976,267,279,543,78,108,191,3624,3572,7198,245,242,486,468,457,925,10,12,22,5,9,11,488,471,957,3297,3206,6505,160,181,342,3488,3422,6910,45,46,87,3477,3375,6853,52,57,111,447,406,853,141,134,276,19,38,55,35,109,142,796,994,1791,202,234,439,1068,999,2066,333,331,664,291,166,456,14,11,25,3429,3358,6794,362,356,719
LGA14950,1537,1579,3119,95,109,198,195,242,440,107,81,189,57,58,115,114,143,253,151,155,304,216,210,429,259,230,484,193,184,372,117,114,231,46,55,101,1449,1510,2958,91,71,163,61,47,101,0,0,3,0,4,4,60,48,107,1329,1315,2643,61,85,147,1408,1411,2821,14,24,41,1398,1402,2805,18,23,41,178,213,387,59,50,106,3,15,18,12,40,48,322,433,757,95,103,198,442,383,823,129,107,235,115,53,169,3,3,4,1363,1375,2731,125,176,306
LGA15050,37736,39571,77305,2972,2792,5761,5744,5395,11142,2557,2384,4943,2322,2490,4808,5073,5496,10574,5029,5154,10183,4739,5240,9977,4306,4534,8843,3125,3427,6554,1439,1814,3253,428,848,1280,35787,37923,73714,1943,1645,3595,1886,1980,3867,54,51,109,63,49,114,1997,2088,4087,32733,34258,66989,2960,3190,6151,34388,36002,70392,1413,1647,3065,34560,36249,70813,694,638,1340,5313,5011,10321,1801,1736,3539,560,746,1310,841,1560,2404,10200,12298,22498,2432,2282,4711,10114,10113,20223,2806,3108,5912,1348,1401,2747,83,67,153,35295,37138,72432,1890,1960,3851
LGA15240,44091,46215,90303,2163,1954,4118,5009,4806,9820,2447,2339,4782,1712,1746,3453,3194,3508,6705,3908,4354,8264,5463,5891,11361,7072,7541,14612,7696,7713,15411,4047,4319,8365,1371,2049,3421,41091,43521,84612,2999,2696,5692,2651,2716,5371,56,44,107,48,44,95,2758,2810,5567,36293,37989,74289,4097,4347,8449,39904,41746,81652,1081,1278,2362,39861,41697,81561,606,561,1160,4515,4325,8844,1605,1616,3223,268,399,666,544,1408,1953,10447,11955,22398,2526,2580,5108,12801,13624,26425,4401,4619,9023,2787,2406,5199,111,96,211,39889,41917,81805,3934,4116,8051
LGA15270,12099,11975,24076,862,821,1686,1689,1531,3218,714,611,1325,566,534,1105,1356,1317,2677,1306,1452,2756,1720,1692,3410,1600,1563,3164,1431,1385,2823,673,757,1425,182,305,487,11350,11326,22679,751,647,1393,661,620,1283,6,7,19,10,0,8,684,627,1307,9866,9657,19525,859,956,1811,10588,10456,21047,312,342,651,10572,10444,21016,147,182,330,1482,1331,2817,449,402,848,71,109,182,180,406,591,2787,3526,6312,729,669,1403,3212,2841,6056,895,838,1736,670,522,1198,30,30,62,10597,10470,21066,1525,1370,2895
LGA15300,6636,6520,13159,517,519,1036,950,903,1846,408,348,755,392,382,769,775,859,1640,797,843,1642,950,879,1823,842,769,1606,635,586,1224,315,313,631,60,113,176,6124,6062,12188,516,460,974,1295,1480,2779,8,10,21,28,23,48,1331,1513,2845,5378,5299,10675,353,332,688,5574,5502,11075,233,228,465,5655,5577,11234,120,119,234,763,768,1532,202,197,402,46,65,109,85,192,268,1501,1897,3399,351,397,750,1515,1325,2839,523,405,928,430,262,687,40,22,55,5664,5613,11277,1235,1036,2270
LGA15350,13189,15290,28475,757,732,1493,1820,1700,3521,774,804,1575,645,638,1280,1529,1877,3407,1877,2209,4088,1898,2371,4273,1595,1791,3390,1288,1713,3000,677,870,1542,332,578,910,12485,14593,27076,705,694,1397,26,30,57,3,0,0,0,0,0,26,31,60,7860,9089,16952,4371,5146,9515,10350,11847,22190,1887,2421,4306,10455,12205,22660,198,212,417,1681,1586,3271,657,712,1370,332,374,701,342,701,1042,8282,9512,17798,413,616,1027,671,1219,1892,239,323,555,102,119,222,26,17,45,11848,13865,25708,976,1160,2136
LGA15520,5795,5881,11680,333,306,638,675,684,1356,295,306,600,222,210,434,498,590,1089,563,553,1112,723,780,1496,937,885,1822,929,853,1784,485,505,994,140,204,341,5321,5447,10773,475,436,905,153,211,365,4,0,6,0,0,0,157,212,373,4879,4905,9785,378,433,814,5204,5279,10488,149,146,288,5196,5271,10469,66,71,134,600,613,1219,200,229,426,25,58,89,61,147,205,1298,1746,3045,764,825,1590,1195,966,2166,566,451,1021,424,334,759,22,7,26,5109,5211,10322,736,660,1396
LGA15560,2026,1812,3836,122,96,218,316,254,569,144,109,251,109,68,174,224,210,436,220,229,448,271,269,542,291,244,535,196,180,373,108,111,220,24,41,70,1864,1687,3554,158,126,286,137,138,280,3,0,3,3,3,4,143,147,289,1648,1459,3107,119,116,231,1746,1561,3309,62,65,126,1735,1549,3284,34,22,51,260,204,460,94,76,171,13,16,30,28,42,69,407,511,920,136,139,281,498,380,878,169,120,292,164,101,261,0,7,9,1712,1570,3282,268,210,479
LGA15650,8243,7837,16086,648,588,1242,1236,1150,2383,504,481,988,481,486,975,1190,1081,2272,1069,1005,2077,1169,1098,2267,946,854,1801,641,622,1265,288,332,617,69,137,203,7859,7467,15326,387,376,759,658,646,1309,9,9,15,11,8,19,684,663,1342,6947,6647,13589,678,592,1271,7137,7046,14181,280,284,560,7115,6954,14063,140,126,264,1119,1038,2153,334,336,669,46,95,149,129,225,355,1642,2034,3682,534,513,1044,2286,1987,4270,643,650,1294,394,340,739,23,18,38,7343,7182,14532,1003,610,1610
LGA15700,9421,9794,19212,474,444,917,1132,1119,2250,511,505,1015,404,355,758,679,778,1449,827,912,1740,1182,1269,2449,1629,1694,3321,1511,1503,3015,775,803,1582,285,418,706,8847,9244,18085,571,554,1124,675,721,1399,13,11,20,15,28,39,702,761,1463,7707,7947,15653,835,930,1760,8483,8794,17278,191,261,459,8437,8805,17242,133,115,241,1026,1007,2034,352,342,691,55,78,130,128,314,447,2239,2606,4837,547,572,1123,2616,2683,5297,879,938,1815,590,484,1070,29,22,48,8582,8899,17481,924,910,1829
LGA15750,6528,6559,13084,451,493,943,914,930,1845,423,351,777,330,318,648,691,800,1491,768,762,1529,900,859,1759,944,838,1785,675,630,1308,336,400,742,88,166,256,6128,6183,12307,398,373,775,735,778,1518,12,14,28,21,30,47,770,822,1595,5461,5442,10905,268,283,550,5711,5710,11424,113,111,230,5707,5699,11406,90,99,191,784,805,1592,241,218,460,40,49,94,72,162,235,1455,1805,3259,382,360,738,1622,1518,3144,548,436,980,416,278,698,26,16,34,5757,5743,11499,1142,820,1958
LGA15800,2901,2953,5853,201,178,378,374,403,777,165,160,325,156,142,298,265,285,547,319,329,643,372,363,734,438,413,853,357,342,706,187,202,390,69,132,199,2684,2767,5455,221,182,403,266,291,561,5,0,3,0,3,3,268,293,569,2394,2465,4859,143,129,274,2518,2576,5095,73,73,147,2532,2574,5108,41,39,82,320,341,658,95,104,198,24,31,54,34,89,125,545,739,1285,180,164,346,755,706,1461,250,243,492,211,142,354,18,11,30,2494,2552,5049,417,396,812
LGA15850,3214,3226,6444,226,225,455,487,435,924,199,175,369,170,159,326,308,348,659,330,341,667,380,410,790,444,448,891,403,365,767,206,216,425,67,111,179,2991,3039,6031,222,190,417,582,648,1229,11,14,24,15,17,35,609,674,1282,2733,2755,5484,119,112,235,2879,2877,5752,31,43,80,2855,2862,5720,58,47,100,423,386,807,117,115,232,23,33,51,34,88,124,691,928,1613,172,178,347,847,748,1592,276,245,515,198,146,343,12,8,18,2828,2839,5663,328,342,671
LGA15900,76642,78766,155411,4801,4308,9113,8790,8301,17088,4543,4357,8899,6867,6837,13701,12150,11754,23898,9875,10163,20042,9759,9994,19751,8939,9257,18200,6228,6684,12906,3321,4342,7666,1372,2771,4148,72097,75089,147190,4548,3674,8223,2573,2687,5261,54,50,108,57,53,111,2681,2795,5476,62344,64049,126387,10530,11103,21638,65165,66642,131814,7441,7944,15386,67901,70142,138043,1250,1054,2309,8260,7812,16075,3412,3398,6811,3297,3579,6875,3546,4471,8015,31522,33709,65230,4060,3560,7617,15737,15833,31571,4487,5079,9571,2447,2715,5164,253,327,580,70240,72549,142790,5838,5875,11710
LGA15950,31910,35744,67658,1960,1886,3846,2351,2342,4694,939,907,1850,1568,1870,3440,7650,8699,16352,5988,6333,12322,3895,4324,8222,3273,3907,7184,2727,3195,5927,1182,1503,2680,384,769,1146,30318,34121,64435,1594,1628,3221,88,83,173,11,12,19,9,0,9,104,97,199,17414,19258,36674,11943,13733,25680,22717,24722,47433,6686,8367,15055,23753,26511,50262,428,432,858,2174,2166,4342,788,780,1568,686,841,1531,1428,2244,3668,21992,24631,46624,868,1063,1928,1604,2349,3948,383,468,852,236,256,488,49,82,127,28428,32128,60560,3398,3360,6762
LGA15990,123507,129370,252878,8072,7602,15672,17578,16593,34180,7481,6932,14412,6485,6074,12554,14200,15379,29575,18525,19671,38197,18234,19163,37397,13842,14581,28419,10672,11773,22440,5965,7121,13078,2456,4489,6945,117964,124296,242261,5542,5073,10620,678,630,1313,27,31,56,15,11,23,719,676,1394,81966,84532,166494,35090,37987,73076,99645,102131,201772,17627,20579,38204,103514,108006,211526,2233,2118,4355,16604,15652,32252,6181,5877,12058,2861,2821,5684,3306,5164,8472,64028,67740,131771,5532,5370,10904,15699,17844,33543,3819,4186,8012,2097,2334,4424,354,392,751,114466,119855,234328,6574,7664,14240
LGA16100,2751,2543,5301,145,153,297,332,295,628,184,168,354,207,110,318,263,221,487,292,269,560,393,365,757,350,378,725,391,380,768,149,142,298,44,65,112,2593,2406,5000,162,136,299,91,71,161,8,6,10,0,4,3,93,82,179,2158,2012,4173,259,223,481,2262,2199,4462,86,95,178,2246,2188,4430,26,22,52,284,257,542,119,114,234,17,31,44,22,75,95,623,759,1384,140,137,272,772,643,1414,181,190,376,148,98,248,11,4,13,2274,2218,4492,429,296,727
LGA16150,19615,20728,40344,1553,1426,2981,2919,2638,5556,1349,1281,2627,1092,1219,2312,2536,2818,5362,2525,2587,5109,2380,2608,4991,2269,2374,4646,1693,1929,3626,980,1224,2208,311,605,921,18402,19685,38086,1213,1048,2261,1226,1234,2459,21,23,48,29,18,47,1274,1275,2556,16385,17268,33654,1799,1990,3784,17181,18229,35416,1157,1245,2409,17487,18573,36058,318,307,626,2653,2416,5064,873,910,1782,281,357,636,575,970,1544,5879,7228,13101,1013,1105,2115,4568,4582,9154,1293,1353,2644,901,872,1774,71,70,146,17609,18819,36425,2209,1968,4176
LGA16200,7190,7416,14608,481,457,938,1031,984,2012,488,514,998,426,391,819,759,780,1539,745,815,1563,965,933,1899,969,976,1947,766,748,1511,418,531,951,154,283,438,6686,6969,13652,502,449,958,721,733,1452,5,3,6,5,4,12,727,736,1469,6091,6240,12328,358,423,779,6354,6575,12931,205,205,409,6389,6581,12966,106,108,212,928,867,1794,308,349,658,57,91,144,92,230,318,1655,1997,3651,390,460,848,1917,1830,3748,548,536,1087,438,348,780,20,15,34,6353,6499,12852,769,804,1566
LGA16260,113158,112996,226149,8290,8215,16506,13025,12071,25097,6020,5488,11507,7866,6998,14861,22756,23024,45775,18710,17141,35846,13031,13600,26638,10801,11568,22372,7235,7819,15054,3973,4620,8595,1453,2453,3898,109922,110040,219963,3229,2955,6185,883,733,1614,26,23,51,12,17,33,918,776,1694,50916,50142,101064,55709,56500,112203,47422,46912,94332,57944,59671,117613,79132,79901,159035,1670,1655,3330,12026,11185,23212,5074,4715,9788,4127,3593,7718,4869,6596,11473,62790,63152,125946,3785,3511,7301,10965,11789,22755,3155,3553,6707,2285,2804,5092,1025,1210,2234,103624,104967,208589,10851,8899,19751
LGA16350,96822,99243,196066,7493,6988,14478,13629,13179,26806,6729,6303,13037,7106,7016,14119,14820,15473,30298,13567,13892,27454,12076,12664,24736,10736,11486,22221,7156,7306,14463,2725,3403,6132,793,1529,2316,93401,96221,189623,3425,3022,6441,3757,3752,7510,75,75,147,43,48,91,3874,3870,7741,70241,71637,141876,20762,21639,42400,74940,76355,151300,15873,17208,33084,83292,85710,169009,1763,1624,3386,12593,12229,24823,4716,4613,9328,1832,2046,3880,2068,3790,5861,31100,35557,66656,5596,5097,10687,23100,22249,45345,5886,5781,11663,3423,3641,7063,409,516,927,90341,92879,183219,6103,5977,12079
LGA16380,37697,40846,78539,1946,1879,3820,4756,4517,9278,2256,2177,4438,1550,1541,3090,3152,3478,6634,3868,4242,8102,4780,5368,10149,5305,5956,11262,5681,6097,11782,3251,3751,7001,1145,1830,2981,35350,38615,73958,2345,2236,4584,1525,1585,3104,20,17,34,13,14,31,1554,1619,3175,30643,33215,63862,4238,4728,8960,34182,37077,71257,1095,1305,2401,33896,36823,70724,545,557,1097,4385,4179,8562,1620,1626,3244,319,474,793,693,1533,2221,10925,12688,23613,2453,2505,4960,9692,10930,20624,3125,3187,6316,1732,1667,3395,76,74,151,34417,37333,71753,3422,3651,7074
LGA16400,34384,35174,69556,1932,1920,3849,4524,4144,8665,2091,2016,4111,1832,1703,3531,3308,3375,6687,3821,4020,7841,4542,4706,9249,4633,5037,9673,4706,4774,9484,2341,2457,4798,651,1026,1676,32039,33243,65285,2339,1931,4270,1562,1602,3166,44,48,95,30,38,71,1643,1689,3325,27856,28405,56262,3719,3961,7680,30751,31456,62212,1128,1238,2366,30775,31427,62200,487,513,998,4149,3801,7946,1416,1370,2788,377,472,845,523,1156,1675,9191,10297,19488,2237,2055,4288,9458,9502,18960,2812,3014,5827,1341,1244,2585,102,76,174,30890,32036,62924,3042,2933,5979
LGA16490,28133,27899,56027,1951,1694,3648,3741,3574,7319,1828,1692,3523,1594,1644,3237,3778,3891,7666,3909,3987,7892,4471,4483,8956,3538,3436,6973,2177,2086,4267,907,969,1867,247,434,680,26582,26573,53162,1551,1322,2872,814,849,1661,23,10,29,18,13,28,851,869,1722,21088,20906,41998,4815,4862,9680,22736,22479,45218,3333,3459,6791,24433,24266,48705,397,315,705,3416,3257,6677,1361,1256,2624,478,545,1028,886,1343,2233,11928,12799,24724,1504,1305,2801,4748,4492,9241,1281,1156,2430,882,827,1707,82,95,181,25486,25547,51031,2857,2280,5144
LGA16550,69179,71482,140660,3882,3766,7645,6795,6516,13313,4128,4021,8150,7660,7325,14983,13259,13312,26573,10384,10611,20992,8331,8672,17002,6326,6772,13097,4626,5138,9758,2670,3294,5967,1129,2053,3181,66535,68946,135480,2646,2531,5178,1098,952,2049,27,33,60,24,14,38,1143,1002,2144,35923,36454,72379,27932,29670,57601,41174,42778,83952,21416,23700,45113,47847,51709,99563,930,958,1887,6287,6035,12324,3489,3507,6993,5082,4869,9948,3882,4538,8420,40046,42865,82913,2340,2225,4569,5959,6491,12448,1668,1836,3509,1415,1843,3261,314,449,759,59888,64014,123906,9193,7344,16537
LGA16610,11318,11489,22807,676,695,1371,1542,1455,2997,778,729,1505,561,560,1116,979,1005,1984,1183,1289,2470,1471,1462,2939,1651,1651,3304,1436,1374,2808,795,884,1676,239,394,634,10701,10961,21663,613,533,1148,771,805,1576,22,11,32,21,8,29,814,823,1640,9717,9708,19421,568,723,1292,10252,10376,20630,170,225,394,10231,10393,20622,162,192,357,1349,1278,2624,455,471,923,75,118,196,135,379,518,2198,2719,4915,663,680,1350,3226,3203,6427,1115,954,2067,811,739,1548,40,20,60,10292,10501,20790,1149,1157,2306
LGA16650,54079,55325,109404,3417,3237,6656,5540,5230,10769,2790,2672,5468,4036,4054,8086,11039,10867,21905,7956,7792,15753,6418,6691,13115,5232,5677,10903,4065,4324,8389,2458,3084,5545,1117,1702,2817,52468,53737,106205,1607,1589,3198,343,348,688,25,19,36,8,8,18,373,372,741,25234,25397,50635,25095,26119,51214,20739,20419,41160,29975,31574,61549,39555,40957,80512,708,687,1397,5069,4777,9844,2258,2246,4500,2094,2040,4132,2887,3334,6223,28360,28809,57176,2174,1912,4089,6384,6548,12934,1611,1768,3379,2185,2847,5029,566,923,1487,50348,51346,101689,3744,4024,7774
LGA16700,56509,59791,116302,3622,3498,7118,6171,5677,11848,3185,2953,6142,4687,4910,9595,10310,10868,21178,8477,8678,17161,6983,7472,14453,5754,6463,12214,3938,4376,8314,2305,3001,5306,1079,1895,2972,54681,58073,112752,1827,1720,3543,190,204,393,14,9,26,5,5,11,209,222,430,28100,28334,56433,25873,28807,54679,27639,27807,55443,26447,29455,55899,42250,43719,85971,816,837,1653,5806,5402,11213,2784,2610,5391,2950,3112,6059,2940,3837,6784,33789,35699,69482,1855,1726,3579,5181,6042,11221,1491,1772,3268,1375,1816,3193,417,610,1024,52717,55763,108478,3940,4095,8037
LGA16900,33444,35015,68460,2269,2067,4335,4715,4555,9269,2411,2306,4714,2155,2122,4276,3851,4163,8009,4169,4445,8611,4442,4797,9242,4075,4436,8509,3193,3338,6531,1638,1943,3579,538,839,1377,31849,33669,65516,1597,1346,2941,1224,1282,2507,34,31,70,18,21,46,1278,1340,2626,26043,26907,52953,5405,6009,11410,28396,29553,57950,3356,3754,7107,30146,31456,61600,647,581,1225,4380,4240,8625,1670,1706,3376,539,651,1193,565,1166,1729,8945,10078,19018,2122,2054,4181,9270,9459,18732,2431,2696,5129,1510,1663,3171,148,186,333,31321,32820,64137,1587,1785,3369
LGA16950,49284,50364,99650,2637,2484,5122,5754,5441,11193,2708,2602,5309,2469,2151,4622,4702,4607,9309,5006,5089,10088,5937,6365,12305,7380,7966,15353,7435,7541,14975,3945,4259,8210,1301,1861,3160,45640,47203,92844,3652,3156,6807,2679,2627,5309,55,70,124,39,29,70,2779,2722,5496,39012,39727,78741,6213,6565,12771,43345,44802,88148,1855,2155,4009,43537,45050,88582,733,699,1431,5225,4952,10173,1736,1769,3504,437,506,939,741,1631,2373,13223,15026,28243,2949,2756,5708,13072,13592,26663,4298,4330,8627,2417,2222,4639,118,100,217,43595,45480,89073,4878,4051,8934
LGA17000,11701,11288,22987,765,777,1537,1688,1637,3325,906,774,1683,825,647,1472,1480,1427,2904,1508,1555,3062,1700,1636,3336,1403,1348,2749,911,832,1741,408,432,839,114,226,343,11084,10725,21803,622,560,1182,613,618,1232,22,18,47,8,12,23,651,651,1302,9859,9434,19291,885,924,1812,10492,10106,20595,349,367,715,10420,10020,20443,182,187,371,1505,1461,2965,546,556,1106,150,148,298,180,411,592,2873,3290,6167,923,669,1594,3291,2868,6159,828,837,1667,479,395,871,25,13,37,10305,10236,20541,1597,882,2480
LGA17040,10461,9756,20218,510,441,959,1307,1196,2507,628,542,1175,584,485,1078,1174,1056,2236,1265,1194,2460,1528,1517,3039,1524,1373,2896,1181,1087,2274,576,564,1144,174,285,460,9691,9115,18809,762,639,1406,236,179,421,11,12,22,3,0,5,258,191,448,8123,7518,15637,1304,1276,2587,8900,8388,17287,502,563,1068,9000,8518,17517,141,109,249,1172,1067,2234,389,362,757,96,121,215,191,402,593,3466,3752,7214,588,574,1170,2359,1989,4347,622,536,1152,432,352,785,42,27,64,9017,8717,17740,8353,6493,14847
LGA17080,7278,7119,14395,405,405,809,909,881,1793,396,374,777,340,319,658,746,693,1442,837,793,1627,1009,920,1933,1067,1091,2161,905,873,1781,500,482,987,159,276,430,6760,6666,13426,514,458,971,297,309,609,11,4,15,6,4,11,311,321,630,5936,5772,11711,606,599,1206,6250,6227,12480,252,253,504,6241,6225,12465,91,99,184,810,795,1610,260,270,530,47,80,127,95,197,296,1570,1975,3546,484,486,974,1895,1783,3679,630,508,1140,463,317,780,27,16,44,6302,6269,12572,969,690,1661
LGA17100,20434,19874,40312,1219,1095,2318,1989,1917,3909,1232,1206,2441,2089,1765,3854,4969,4331,9302,2699,2572,5278,2194,2476,4676,1920,1987,3912,1160,1203,2355,680,846,1521,280,474,752,19725,19331,39053,707,547,1256,59,47,107,4,4,11,0,0,0,64,57,116,7582,7220,14801,11344,11366,22710,6164,5627,11783,12824,13048,25869,13272,13363,26632,245,244,483,1816,1763,3582,1042,1056,2095,1102,933,2041,1101,1255,2356,12565,12033,24601,622,555,1177,1462,1570,3031,439,486,919,494,663,1156,203,291,490,18729,18468,37202,1416,1222,2639
LGA17150,106713,111750,218464,7051,6568,13624,14400,13633,28029,6735,6397,13129,6508,6205,12714,12739,13508,26241,14631,15527,30160,14695,15609,30298,13275,14003,27277,9593,10393,19990,4972,6085,11056,2126,3827,5947,102416,107896,210308,4298,3858,8156,1164,1135,2297,46,36,77,24,30,54,1227,1199,2435,83436,86233,169667,18728,20752,39482,89331,92291,181626,13241,15175,28410,96379,100556,196928,2014,1790,3806,13650,12941,26595,5495,5398,10897,2482,2623,5103,2417,3892,6305,47217,51280,98500,5420,4588,10008,21151,22077,43227,4413,5377,9787,2145,2645,4794,286,329,609,100769,105247,206020,4223,5153,9379
LGA17200,107852,100530,208374,3495,3478,6977,3561,3500,7063,3768,4603,8370,13236,15355,28589,35479,33390,68867,19004,14845,33856,12266,9199,21469,8532,7547,16072,5460,5003,10462,2334,2524,4860,709,1075,1790,102881,96181,199061,4964,4351,9317,1138,1086,2222,55,47,99,43,48,91,1240,1176,2413,43571,38520,82098,49646,50119,99761,58048,49236,107287,35573,39813,75390,61413,55118,116534,602,606,1208,3082,3073,6154,2890,3758,6652,7472,9539,17008,9294,10834,20133,73199,69848,143048,3314,2620,5931,5965,5074,11036,1649,1515,3167,1456,1643,3093,601,770,1370,88015,84372,172394,30646,22694,53339
LGA17310,29077,30581,59663,2025,1877,3906,4215,3995,8206,1941,1810,3757,1594,1599,3195,3519,3671,7190,3341,3586,6927,3648,3978,7626,3695,4002,7694,3000,3162,6161,1609,1959,3566,493,942,1437,27189,28932,56124,1890,1650,3539,2868,2929,5800,61,61,120,61,53,116,2992,3048,6031,24542,25935,50479,2031,2011,4048,25623,27309,52935,1187,1053,2236,25706,27279,52985,509,479,986,3779,3615,7396,1203,1237,2442,246,376,619,517,1024,1542,7547,9367,16912,1610,1683,3294,7364,7519,14878,2248,2244,4489,1500,1264,2768,96,85,181,25983,27555,53537,3110,2804,5914
LGA17350,3036,3073,6110,191,169,359,441,377,815,198,187,385,132,108,240,278,290,568,280,311,591,396,423,820,436,422,857,403,379,783,205,268,470,76,135,210,2855,2897,5759,182,170,358,74,68,140,5,5,5,0,0,0,74,70,141,2668,2712,5383,138,145,287,2790,2860,5648,75,58,131,2826,2859,5682,47,45,101,403,355,755,147,129,276,14,30,41,42,72,111,618,778,1398,176,165,339,892,889,1781,305,272,574,188,184,367,8,8,16,2778,2815,5594,200,201,402
LGA17400,3253,3375,6628,139,143,283,368,383,756,181,151,337,97,111,211,192,235,431,306,365,664,419,401,822,643,658,1299,584,549,1137,257,262,518,55,116,176,3030,3142,6174,218,235,449,178,194,369,6,3,14,10,3,15,195,205,396,2593,2668,5262,256,250,507,2817,2915,5730,78,84,163,2846,2937,5785,40,30,74,321,349,664,117,101,218,8,19,29,33,94,131,752,918,1665,194,201,399,868,884,1752,287,272,563,236,162,396,14,5,20,2868,2952,5815,445,467,910
LGA17420,77451,79791,157243,5006,4765,9772,12250,11602,23856,5785,5474,11251,5093,4616,9709,7977,8531,16505,11185,12441,23631,11050,11632,22686,8982,9624,18615,6635,6941,13582,2727,2921,5649,748,1247,2000,75118,77672,152783,2337,2123,4457,381,392,775,11,8,23,13,4,12,406,402,813,48281,48695,96977,26706,28539,55249,51288,51301,102587,23942,26166,50108,66975,68158,135131,1380,1378,2762,11713,11061,22768,5041,4828,9870,2594,2392,4988,2008,2985,4996,40068,41827,81897,3365,3065,6434,10133,11282,21413,2613,2759,5373,1324,1539,2861,294,368,656,74456,76806,151270,2265,2537,4799
LGA17550,44109,47261,91371,2503,2272,4779,5372,5176,10546,2526,2466,4990,2059,1876,3929,3964,4258,8219,4859,5406,10268,5615,6302,11917,6374,7212,13583,5898,6129,12026,3491,4040,7535,1453,2132,3581,41627,45063,86688,2484,2198,4680,1494,1561,3055,142,120,258,162,144,304,1796,1821,3616,34167,36331,70497,6283,7067,13348,39229,41831,81054,1703,2145,3845,38700,41431,80131,568,464,1032,4840,4692,9535,1759,1833,3593,488,583,1075,791,1817,2611,13618,15452,29064,2955,2965,5921,10918,11895,22811,2967,3142,6117,1972,2022,3996,95,100,199,40176,43291,83464,4798,5169,9964
LGA17620,6970,7140,14112,441,417,858,1014,1038,2054,398,406,804,320,328,650,783,883,1668,883,877,1756,904,948,1855,962,889,1849,756,675,1435,367,469,833,135,216,352,6563,6814,13375,407,330,734,352,345,691,8,4,14,8,6,13,362,358,723,5715,5849,11559,524,528,1057,6140,6298,12444,210,210,418,6053,6209,12262,120,122,245,885,915,1804,273,271,540,43,62,101,73,221,299,1587,2145,3723,364,380,746,1940,1635,3576,540,512,1054,407,301,707,20,14,30,6141,6329,12467,769,756,1527
LGA17640,3917,3785,7695,258,206,455,455,436,888,220,214,438,154,140,297,292,339,631,383,390,777,595,589,1189,635,578,1212,569,501,1072,275,284,559,82,97,184,3677,3567,7239,237,218,458,95,81,171,0,0,0,4,0,3,97,81,176,3287,3145,6433,237,281,516,3531,3430,6958,61,63,122,3515,3407,6927,67,46,119,394,403,792,131,149,279,27,39,72,47,109,156,1022,1266,2287,179,239,422,1050,860,1910,321,252,571,258,168,423,11,5,16,3494,3366,6858,352,330,673
LGA17650,2926,3120,6048,155,154,307,413,441,853,181,186,370,117,117,237,211,261,470,331,350,683,412,486,892,493,496,985,419,370,787,154,188,337,44,76,118,2745,2917,5661,182,206,389,198,212,405,5,3,8,6,3,5,202,218,419,2492,2652,5137,194,204,394,2690,2872,5564,47,55,99,2685,2863,5548,51,44,86,375,397,776,122,139,264,25,39,56,42,113,158,833,1101,1937,137,161,299,741,708,1449,222,182,400,172,121,300,10,4,13,2669,2826,5493,199,214,416
LGA17750,30504,31880,62385,2238,1975,4206,4270,4216,8490,2265,2080,4347,2396,2565,4960,4208,4400,8609,3697,3831,7532,3687,3867,7551,3483,3730,7210,2503,2626,5124,1271,1710,2979,488,887,1372,28508,30146,58656,1994,1731,3729,1606,1787,3396,33,38,68,32,23,51,1666,1841,3508,25514,26999,52510,2971,2874,5846,26558,28150,54708,2135,1997,4129,27041,28635,55678,509,411,923,3969,3881,7852,1481,1483,2964,707,1105,1812,911,1529,2443,9781,11909,21694,1941,1774,3710,6884,6897,13784,2031,1930,3960,1277,1101,2377,118,93,213,27165,28907,56079,3988,3206,7196
LGA17850,1551,1540,3092,89,85,174,174,181,357,70,86,159,69,61,135,146,135,276,144,169,313,217,203,415,244,224,464,253,217,469,103,125,233,33,61,96,1461,1456,2917,91,80,174,92,77,171,3,3,8,4,0,4,106,77,184,1287,1260,2545,77,80,153,1358,1345,2708,15,27,44,1357,1334,2694,25,20,50,154,155,305,45,65,110,11,11,23,15,39,49,391,483,872,71,78,147,406,343,748,132,123,257,92,63,157,5,3,6,1344,1343,2689,198,195,401
LGA17900,3235,2875,6107,211,194,406,414,405,820,157,109,264,160,152,310,346,378,725,336,332,676,384,428,815,547,379,926,439,301,738,200,149,347,34,43,77,2942,2646,5589,298,225,526,863,913,1774,0,8,9,5,3,11,874,925,1798,2500,2211,4715,293,269,558,2659,2389,5042,178,147,322,2752,2429,5181,49,61,113,345,335,677,89,59,145,11,20,30,28,81,115,685,737,1422,178,195,375,720,598,1319,289,217,506,282,159,442,34,21,53,2724,2467,5194,705,622,1326
LGA17950,1366,1366,2732,104,107,204,181,197,373,60,70,132,65,60,121,153,144,292,139,156,296,175,191,365,201,171,375,183,148,329,84,96,177,24,41,60,1258,1261,2517,102,105,210,191,194,388,0,0,3,3,3,10,194,201,396,1150,1124,2275,47,68,120,1211,1195,2401,21,29,55,1205,1190,2396,28,28,57,151,169,321,36,39,80,5,13,27,13,40,47,344,441,780,58,63,123,342,278,621,114,92,203,69,46,118,14,4,14,1190,1152,2346,146,156,306
LGA18020,4689,4692,9384,239,231,466,605,607,1213,257,233,488,207,179,390,352,396,749,436,471,900,601,662,1263,749,712,1461,715,637,1354,402,382,791,126,183,305,4321,4363,8683,366,336,697,431,457,886,7,8,20,11,8,15,445,470,917,3837,3818,7657,266,289,553,4076,4105,8178,106,87,194,4100,4096,8199,64,57,117,523,514,1036,166,168,330,32,51,84,52,156,208,994,1281,2278,240,271,509,1220,1180,2397,453,354,813,381,237,615,11,4,17,4054,4015,8071,638,650,1296
LGA18050,32485,34334,66812,2139,2011,4154,3385,3165,6554,1228,1217,2451,1705,1964,3669,7334,8415,15751,6041,5854,11890,4145,4043,8188,2766,2908,5670,2053,2321,4371,1121,1486,2611,566,941,1513,31078,32882,63966,1405,1446,2850,139,104,247,9,7,19,8,4,12,150,120,270,16563,17008,33569,12409,13617,26028,22682,23185,45870,6415,7603,14020,23243,24530,47771,586,521,1109,3007,2881,5891,1023,1008,2032,776,899,1679,1419,1993,3405,19668,21331,40994,1035,956,1990,2044,2215,4258,535,561,1098,363,437,802,68,78,142,28257,30013,58269,3999,4152,8150
LGA18100,1834,1831,3664,89,95,187,229,198,431,88,102,184,67,50,114,129,140,260,186,192,381,235,245,479,298,280,583,308,284,590,152,153,309,59,82,148,1696,1708,3398,137,122,259,63,44,107,0,0,0,0,0,0,65,45,112,1555,1531,3082,91,111,207,1641,1639,3273,20,25,46,1636,1627,3262,30,25,51,203,183,391,47,66,115,12,15,24,12,38,54,430,495,928,92,102,197,493,500,992,179,146,326,139,93,226,3,3,5,1614,1599,3207,162,169,330
LGA18200,3512,3288,6794,235,188,423,442,416,855,209,179,397,152,172,324,344,338,679,368,383,744,501,452,947,552,494,1045,450,403,856,213,180,390,52,88,135,3239,3085,6320,269,209,479,308,317,632,3,3,3,8,12,18,313,331,650,2904,2747,5650,176,185,360,3004,2838,5843,103,99,201,3075,2895,5973,58,45,104,379,362,739,130,129,258,21,32,55,32,101,126,687,899,1588,429,393,819,729,557,1281,291,265,554,267,195,457,15,8,22,3017,2890,5910,753,515,1268
LGA18230,24566,25505,50077,1791,1761,3551,3552,3266,6821,1571,1553,3126,1603,1525,3131,3274,3430,6701,2886,3009,5889,3083,3267,6350,2964,3223,6185,2255,2319,4576,1184,1488,2671,412,666,1081,22922,24073,46990,1646,1432,3084,3844,3702,7550,40,42,78,44,70,116,3924,3816,7739,20641,21443,42080,1783,1827,3607,20962,22281,43242,1119,1230,2349,21072,22463,43535,423,412,839,3173,2926,6100,982,1055,2038,227,339,567,481,965,1449,6414,8216,14629,1280,1478,2760,6037,5837,11876,1706,1664,3369,1162,973,2138,72,67,133,21339,22806,44147,3677,3011,6687
LGA18250,35686,38624,74302,2516,2374,4896,4915,4597,9510,2011,1973,3986,2134,2336,4472,5331,5989,11319,5904,6466,12373,4801,5243,10050,3521,3996,7522,2555,2881,5430,1334,1690,3022,647,1078,1731,34364,37392,71762,1315,1230,2543,65,62,122,3,3,6,0,0,0,62,67,133,18342,18349,36692,15523,18321,33849,20515,20351,40861,13473,16429,29904,26815,28164,54978,673,634,1311,4624,4345,8966,1793,1789,3575,1260,1419,2681,1475,2144,3614,22070,24091,46166,1063,1139,2202,2074,2692,4761,687,855,1543,568,742,1314,157,267,425,33145,35845,68987,2524,3005,5531
LGA18350,22894,24988,47882,1223,1128,2358,3057,2998,6050,1450,1582,3037,990,900,1896,1973,1995,3972,2374,2694,5071,3025,3448,6470,3095,3547,6643,3309,3789,7096,1848,2014,3861,536,894,1428,21516,23730,45249,1375,1254,2627,426,489,918,9,11,24,5,12,20,443,508,954,17639,19262,36901,3606,4004,7607,20181,22088,42268,1274,1429,2703,20197,22146,42343,355,318,677,2788,2743,5529,1065,1196,2259,219,283,499,390,830,1220,8410,9787,18196,1283,1468,2749,5166,5628,10796,1367,1472,2842,698,667,1366,60,53,109,20646,22436,43082,1796,2328,4121
LGA18400,24207,24314,48519,1733,1576,3313,3810,3559,7370,1777,1636,3411,1432,1468,2902,2780,2927,5706,3188,3380,6573,3336,3432,6769,2977,3044,6014,2038,1967,4005,883,919,1808,247,404,652,23219,23483,46701,983,832,1818,745,764,1510,10,14,28,6,5,12,768,783,1552,19941,19862,39803,2754,2977,5729,21576,21653,43229,1340,1434,2768,22054,22141,44193,468,459,924,3531,3311,6838,1273,1218,2487,353,466,823,353,739,1086,6404,8259,14659,1397,1286,2681,6965,5983,12948,1610,1458,3068,802,662,1462,68,46,114,22654,22811,45469,1189,1241,2427
LGA18450,100542,103087,203630,6154,5878,12034,12584,11943,24521,6652,6357,13007,8125,7403,15523,13103,12929,26029,12732,13105,25840,13097,13362,26461,11759,12514,24276,9013,9671,18688,5386,6605,11994,1942,3313,5253,95656,98721,194372,4888,4361,9254,2490,2646,5136,67,43,109,43,55,101,2600,2738,5343,73243,74692,147934,21436,22482,43917,78780,80512,159289,16686,17607,34296,86790,89782,176569,1703,1650,3351,11765,11166,22934,5039,5082,10126,3890,3565,7457,3674,4626,8299,37691,39727,77418,5512,4804,10320,21878,21934,43808,5908,6544,12452,4297,5219,9520,557,835,1393,92998,95620,188613,6473,6576,13050
LGA18500,25232,29009,54240,1394,1372,2771,2834,2867,5701,1314,1285,2606,1355,1578,2934,4194,5237,9432,3656,4185,7838,3317,3704,7022,2705,3119,5833,2553,2981,5531,1319,1661,2981,588,1014,1599,23895,27739,51636,1332,1266,2606,69,71,139,3,7,6,0,5,7,75,83,160,14685,16865,31550,8226,9420,17647,19239,21799,41035,3756,4625,8376,19925,22830,42756,384,359,743,2583,2613,5199,1134,1143,2271,643,812,1457,818,1342,2163,16226,18631,34855,763,917,1680,1176,1834,3005,432,507,941,217,260,476,43,54,88,22175,25544,47719,2715,3262,5977
LGA18710,7931,8209,16142,541,473,1010,1208,1180,2391,499,526,1032,365,359,730,692,767,1458,1045,1165,2211,1212,1286,2497,1097,1096,2192,803,787,1596,350,383,730,107,183,296,7487,7793,15284,444,414,860,201,186,385,0,3,4,3,7,4,208,196,400,6556,6757,13312,789,879,1664,7136,7417,14550,284,288,575,7207,7495,14705,143,121,264,1104,1088,2192,370,399,763,104,123,230,174,361,539,3114,3555,6675,437,434,867,1443,1397,2838,365,335,705,235,192,422,21,14,28,7251,7516,14772,574,564,1137
LGA19399,569,492,1056,37,34,67,66,54,118,14,17,34,36,28,59,74,58,139,91,81,168,80,61,142,90,76,166,59,47,104,28,14,47,5,10,22,502,399,898,63,96,154,14,22,36,0,0,0,0,0,0,14,22,36,449,390,839,42,47,86,475,426,905,18,8,27,484,417,902,3,0,6,53,49,98,4,13,17,3,3,5,8,16,23,155,190,347,47,39,85,137,96,234,37,17,53,34,16,47,0,0,0,473,373,846,228,173,400
LGA19499,7351,4939,12288,188,149,338,202,200,402,285,232,517,746,615,1358,1615,1091,2703,1269,629,1900,1148,646,1798,986,732,1722,719,477,1196,162,120,282,32,48,78,0,0,0,7351,4939,12288,503,289,789,17,8,26,20,3,25,538,301,839,4304,2726,7028,1663,1346,3012,4175,3038,7212,997,821,1822,4199,3009,7203,24,19,43,148,158,304,90,82,172,137,141,283,179,254,430,2208,1965,4169,385,247,633,1339,826,2159,454,274,731,286,135,420,41,24,65,0,0,0,0,0,0
LGA19799,171,239,412,10,4,14,7,14,22,3,7,12,9,4,9,11,24,32,18,14,34,25,31,50,22,53,74,48,60,108,16,24,42,3,7,10,173,234,409,3,3,6,4,10,10,0,0,0,0,0,0,5,10,13,102,135,232,60,86,142,119,154,279,36,55,92,137,184,325,0,0,0,10,10,22,0,5,5,0,3,3,0,6,8,52,76,125,12,15,22,38,57,93,9,22,35,13,12,27,0,0,4,0,0,0,1415,1860,3279
